ML Catalog #,Format,Scientific Name,Common Name,Background Species,Subtitle,Recordist,Year,Month,Day,Time,Country,State,County,Locality,Latitude,Longitude,Elevation (m),AgeSex,Behavior,Stimulus,Confidence In ID,How Identified,Captive,Specimen,Quality,Audio Quality For Video,Cut Length (s),Recorder,Microphone,Accessory,Channels,eBird Checklist ID,Air Temp (C),Water Temp (C),Habitat,Regional Habitat,Physical Feature,Public Note,Subject Note,Equipment Note,Class,Order,Family,Taxonomic Sort
111041,Audio,Empidonax difficilis,Pacific-slope Flycatcher,,,"Sander, Thomas G",1988,4,24,0,United States,California,Marin,Bolinas; Fairfax Rd.,,,,,song,,Not Provided,,,,5,0,130,NAGRA IV-S,,Roché Parabola 74cm/17.7cm (29.1in/7in),Mono,,,,,,, NOTES: (AOU #464. NM: Y.) BNA: Song.,,,Aves,Passeriformes,Tyrannidae,143800
110916,Audio,Empidonax difficilis,Pacific-slope Flycatcher,,,"Sander, Thomas G",1986,4,25,0,United States,California,,Carmel Valley; Hastings Reserve,,,,,,,Not Provided,,,,5,0,148,NAGRA IV-S,,Roché Parabola 74cm/17.7cm (29.1in/7in),Mono,,,,,,, NOTES: (AOU #464. NM: N.),,,Aves,Passeriformes,Tyrannidae,143800
87908,Audio,Empidonax difficilis,Pacific-slope Flycatcher,,,"Marantz, Curtis A",1996,6,29,739,United States,California,Siskiyou,Goose Nest Mountains; Klamath National Forest; Martin Dairy Campground,,,,Adult Male (1),advertise; forage; song,Natural,Certain,Sight and Sound,,,5,0,96,NAGRA IV-D,,Roché Parabola 60cm/14.5cm (23.6in/5.7in),Mono,,,,Forest; Coniferous Forest; Montane Grassland,,, NOTES: (Breeding Status:  Territorial. General Climate:  Cyclic wet-dry. Cov. Density: Med; thick.) K6 in cut position., Response to playback: Approach.,,Aves,Passeriformes,Tyrannidae,143800
50339,Audio,Empidonax difficilis,Pacific-slope Flycatcher,,,"Keller, Geoffrey A",1990,7,1,610,United States,Oregon,Coos,17.0 km SE of Powers; Eden Valley,,,1000,Adult Unknown Sex (6),advertise; call,Natural,Certain,Sound,,,5,0,131,UHER 4200 REPORT MONITOR,,Roché Parabola 74cm/17.7cm (29.1in/7in),Mono,,,,Forest; Evergreen Forest; Coniferous Forest; Deciduous Forest; Stream,,Second-growth," NOTES: dawn +0.5hrs; species cut number 36.      BNA: Male Position Note: ""Pee-IST"" call. ""pee-IST"" or ""peWEAP"" or rising whistle ""pawee!"" or ""pseeyeap!""  Also Advertising Song: ""ps-SEET ptsick seet!"" or ""TSEE-weeÉpttuck-tseep"". mf",,,Aves,Passeriformes,Tyrannidae,143800
50132,Audio,Empidonax difficilis,Pacific-slope Flycatcher,,,"Keller, Geoffrey A",1990,4,29,942,United States,Oregon,Coos,17.0 km SE of Powers; Eden Valley,,,1000,Adult Male (1),call,Natural,Certain,Sound,,,5,0,65,UHER 4200 REPORT MONITOR,,Roché Parabola 74cm/17.7cm (29.1in/7in),Mono,,,,Forest; Evergreen Forest; Coniferous Forest; Deciduous Forest; Stream,,Second-growth; Canyon," NOTES: dawn +3.0; species cut number 34.   BNA: Male Position Note: ""Pee-IST"" call. ""pee-IST"" or ""peWEAP"" or rising whistle ""pawee!"" or ""pseeyeap!"". mf",,,Aves,Passeriformes,Tyrannidae,143800
50130,Audio,Empidonax difficilis,Pacific-slope Flycatcher,,,"Keller, Geoffrey A",1990,4,30,732,United States,Oregon,Coos,17.0 km SE of Powers; Eden Valley,,,1000,Adult Male (1),advertise; song,Natural,Certain,Sound,,,5,0,114,UHER 4200 REPORT MONITOR,,Roché Parabola 74cm/17.7cm (29.1in/7in),Mono,,,,Forest; Evergreen Forest; Coniferous Forest; Deciduous Forest; Creek,,Second-growth," NOTES: dawn +0.83; species cut number 33          BNA: Advertising Song: ""ps-SEET ptsick seet!"" or ""TSEE-weeÉpttuck-tseep"". mf",,,Aves,Passeriformes,Tyrannidae,143800
22983,Audio,Empidonax difficilis,Pacific-slope Flycatcher,,,"Fish, William R",1954,4,9,0,United States,California,Monterey,HASTINGS RESERVATION; MONTEREY CO.,,,,,,,Not Provided,,,,5,0,47,MAGNECORDER UNSPECIFIED MODEL,,Parabola 91.4cm (36in),Mono,,,,,,," NOTES: BNA: Male Position Note: ""Pee-IST"" call. ""pee-IST"" or ""peWEAP"" or rising whistle ""pawee!"" or ""pseeyeap!"". mf",,,Aves,Passeriformes,Tyrannidae,143800
7611,Audio,Empidonax difficilis,Pacific-slope Flycatcher,,,"Sutherland, Charles A",1961,7,12,900,United States,Washington,,Mount Rainier National Park,,,760,,,,Not Provided,,,,5,0,45,NAGRA III,,Parabola 91.4cm (36in),Mono,,,,Forest; Evergreen Forest; Coniferous Forest,,, NOTES:  Cover density: THICK; WET FOREST.,,,Aves,Passeriformes,Tyrannidae,143800
7600,Audio,Empidonax difficilis,Pacific-slope Flycatcher,,,"Fish, William R",1954,4,16,0,United States,California,Monterey,HASTINGS RESERVATION; SANTA LUCIA MOUNTAINS,,,,,,,Not Provided,,,,5,0,220,,,,Mono,,,,,,,,,,Aves,Passeriformes,Tyrannidae,143800
192458,Audio,Empidonax difficilis,Pacific-slope Flycatcher,,,"McGuire, Bob ",2012,4,17,1059,United States,California,,Quail Ridge Preserve,38.4807,-122.145,,Adult Unknown Sex (1),song,Natural,Certain,Sound,,,4,0,338,SOUND DEVICES 702,Telinga Pro 6,Telinga Parabola 54.7cm/15.5cm (21.5in/6.1in),Stereo,,,,,,,,,,Aves,Passeriformes,Tyrannidae,143800
126470,Audio,Empidonax difficilis,Pacific-slope Flycatcher,,,"Sander, Thomas G",1988,4,27,600,United States,California,Marin,Marin Municipal Water District; Lagunitas Lake,,,,,song,,Not Provided,,,,4,0,368,NAGRA IV-S,,Roché Parabola 74cm/17.7cm (29.1in/7in),Mono,,,,,,, NOTES: BNA: Song.,,,Aves,Passeriformes,Tyrannidae,143800
126424,Audio,Empidonax difficilis,Pacific-slope Flycatcher,,,"Sander, Thomas G",1987,7,20,0,United States,California,Santa Cruz,Big Basin Redwoods State Park,,,,,,,Not Provided,,,,4,0,241,NAGRA IV-S,,Roché Parabola 74cm/17.7cm (29.1in/7in),Mono,,,,,,, NOTES: BNA: Song.,,,Aves,Passeriformes,Tyrannidae,143800
118835,Audio,Empidonax difficilis,Pacific-slope Flycatcher,,,"Keller, Geoffrey A",2001,5,21,524,United States,California,Sonoma,9.6 km NE of Healdsburg,,,175,,song,,Certain,Sound,,,4,0,204,HHB PORTADAT PDR 1000,,Roché Parabola 74cm/17.7cm (29.1in/7in),Mono,,,,,,," NOTES: ""Bird was vocalizing from unknown location from grove of oak trees...""",,,Aves,Passeriformes,Tyrannidae,143800
87907,Audio,Empidonax difficilis,Pacific-slope Flycatcher,Setophaga coronata -- Yellow-rumped Warbler,,"Marantz, Curtis A",1996,6,29,726,United States,California,Siskiyou,Goose Nest Mountains; Klamath National Forest; Martin Dairy Campground,,,,Adult Male (1),advertise; forage; song,Natural,Certain,Sight and Sound,,,4,0,88,NAGRA IV-D,,Roché Parabola 60cm/14.5cm (23.6in/5.7in),Mono,,,,Forest; Coniferous Forest; Montane Grassland,,, NOTES: (Breeding Status:  Territorial. General Climate:  Cyclic wet-dry. Cov. Density: Med; thick.) K6 in cut position., Response to playback: Approach.,,Aves,Passeriformes,Tyrannidae,143800
59788,Audio,Empidonax difficilis,Pacific-slope Flycatcher,Piranga ludoviciana -- Western Tanager; Regulus satrapa -- Golden-crowned Kinglet,,"Gunn, William W. H. ",1962,5,23,1030,Canada,British Columbia,,Vancouver Island; Miracle Beach Provincial Park,,,,,call,,Not Provided,,,,4,0,182,NAGRA III,,Parabola 101.6cm (40in),Mono,,,,,,," NOTES: ""Assorted calls: pseet pslick,peet (WWHG)",,,Aves,Passeriformes,Tyrannidae,143800
50334,Audio,Empidonax difficilis,Pacific-slope Flycatcher,,,"Keller, Geoffrey A",1990,6,24,602,United States,Oregon,Coos,40.0 km E of Coos Bay; Golden and Silver Falls St. Park,,,100,Adult Male (1),call,Natural,Certain,Sound,,,4,0,52,UHER 4200 REPORT MONITOR,,Roché Parabola 74cm/17.7cm (29.1in/7in),Mono,,,,Forest; Evergreen Forest; Coniferous Forest; Deciduous Forest; Stream; Riparian,,Canyon," NOTES: dawn +0.25hrs; species cut number 35           BNA: Male Position Note: ""Pee-IST"" call. ""pee-IST"" or ""peWEAP"" or rising whistle ""pawee!"" or ""pseeyeap!"". mf",,,Aves,Passeriformes,Tyrannidae,143800
44957,Audio,Empidonax difficilis,Pacific-slope Flycatcher,,,"Keller, Geoffrey A",1989,6,17,728,United States,Oregon,Coos,8.0 km S of Charleston; South Slough Sanctuary,,,25,Adult Male (1),advertise; call,Natural,Certain,Sound,,,4,0,231,UHER 4200 REPORT MONITOR,,Roché Parabola 74cm/17.7cm (29.1in/7in),Mono,,,,Forest; Coniferous Forest,,," NOTES: dawn +1.75hrs; species cut number 21           BNA: Advertising Song: ""ps-SEET ptsick seet!"" or ""TSEE-weeÉpttuck-tseep"". mf",,,Aves,Passeriformes,Tyrannidae,143800
44956,Audio,Empidonax difficilis,Pacific-slope Flycatcher,,,"Keller, Geoffrey A",1989,6,17,657,United States,Oregon,Coos,8.0 km S of Charleston; South Slough Sanctuary,,,25,Adult Male (1),advertise; call,Natural,Certain,Sound,,,4,0,176,UHER 4200 REPORT MONITOR,,Roché Parabola 74cm/17.7cm (29.1in/7in),Mono,,,,Forest; Coniferous Forest,,," NOTES: dawn +1.25hrs; species cut number 20       BNA: Advertising Song: ""ps-SEET ptsick seet!"" or ""TSEE-weeÉpttuck-tseep"". mf",,,Aves,Passeriformes,Tyrannidae,143800
44900,Audio,Empidonax difficilis,Pacific-slope Flycatcher,,,"Keller, Geoffrey A",1989,5,6,649,United States,Oregon,,"",,,,Adult Unknown Sex (1),,Natural,Certain,Sound,,,4,0,188,UHER 4200 REPORT MONITOR,,Roché Parabola 74cm/17.7cm (29.1in/7in),Mono,,,,Forest; Evergreen Forest; Coniferous Forest; Deciduous Forest; Stream,,," NOTES: dawn +0.50hrs;species cut number 19; location and bio/behavior same as GAK89-11-06     BNA: Advertising Song: ""ps-SEET ptsick seet!"" or ""TSEE-weeÉpttuck-tseep"". Could be Dawn Song. mf",,,Aves,Passeriformes,Tyrannidae,143800
22986,Audio,Empidonax difficilis,Pacific-slope Flycatcher,,,"Fish, William R",1955,4,14,0,United States,California,Monterey,HASTINGS RESERVATION; MONTEREY CO.,,,,,song,Natural,Not Provided,Sight and Sound,,,4,0,168,MAGNECORDER UNSPECIFIED MODEL,,Parabola 91.4cm (36in),Mono,,,,Forest; Deciduous Forest; Creek,,," NOTES:  Range status: NORMAL;  Breeding status: UNKNOWN;  Beh. context: UNKNOWN; General climate: CYCLIC WET-DRY;  Cover density: MEDIUM; BIG CREEK BELOW FIRST CROSSING.  Age: UNKNOWN AGE; Sex: UNKNOWN      BNA: Male Position Note: ""Pee-IST"" call. ""pee-IST"" or ""peWEAP"" or rising whistle ""pawee!"" or ""pseeyeap!"" Also Advertising Song: ""ps-SEET ptsick seet!"" or ""TSEE-weeÉpttuck-tseep"". Also ""Seet"" or ""Zeet"" Call. mf",,,Aves,Passeriformes,Tyrannidae,143800
22985,Audio,Empidonax difficilis,Pacific-slope Flycatcher,Vireo gilvus -- Warbling Vireo,,"Fish, William R",1954,4,16,0,United States,California,,N SIDE N BARN; HASTINGS RESERVATION;,,,,,call; song,,Not Provided,,,,4,0,760,,,,Mono,,,,,,," NOTES: SAME LOCATION AS LNS 22984.  PROBABLY SAME INDIVIDUAL.   BNA: Advertising Song: ""ps-SEET ptsick seet!"" or ""TSEE-weeÉpttuck-tseep"". Could be Dawn Song. Male Position Note: ""Pee-IST"" call. ""pee-IST"" or ""peWEAP"" or rising whistle ""pawee!"" or ""pseeyeap!""   Also possibly ""Weet-weet-weet Call. Also some squeaky little calls that I'm not sure how to categorize. mf",,,Aves,Passeriformes,Tyrannidae,143800
22984,Audio,Empidonax difficilis,Pacific-slope Flycatcher,Spinus tristis -- American Goldfinch,,"Fish, William R",1954,4,14,0,United States,California,Monterey,HASTINGS RESERVATION; N SIDE N BARN,,,,,call; song,Natural,Not Provided,Sight,,,4,0,80,MAGNECORDER UNSPECIFIED MODEL,,Parabola 91.4cm (36in),Mono,,,,Forest; Deciduous Forest; Creek,,," NOTES:  Range status: NORMAL;  Breeding status: UNKNOWN;  General climate: CYCLIC WET-DRY;  Cover density: MEDIUM;   Age: UNKNOWN AGE; Sex: UNKNOWN      BNA: Male Position Note: ""pit-PEET!"" or rising whistle ""wee-eee!"" or ""squeet!"" and ""Seet"" or ""Zeet"" Call. mf",Same subject(s) as LNS 22984. ,,Aves,Passeriformes,Tyrannidae,143800
7610,Audio,Empidonax difficilis,Pacific-slope Flycatcher,Setophaga petechia -- Yellow Warbler,,"Sutherland, Charles A",1961,6,25,0,United States,California,,BIG SUR,,,,,,,Not Provided,,,,4,0,99,NAGRA III,,Parabola 91.4cm (36in),Mono,,,,Forest; Evergreen Forest; Coniferous Forest,,, NOTES:  Cover density: THICK; ,,,Aves,Passeriformes,Tyrannidae,143800
7603,Audio,Empidonax difficilis,Pacific-slope Flycatcher,,,"Allen, Arthur A; Allen, David G",1959,4,19,0,United States,California,Marin,INVERNESS; MARIN COUNTY,,,,,,,Not Provided,,,,4,0,37,MAGNEMITE UNSPECIFIED MODEL,,Parabola (Unknown Diameter/Focal Length),Mono,,,,,,, NOTES: E.D. DIFFICILIS. OAKS IN A GARDEN.,,,Aves,Passeriformes,Tyrannidae,143800
7602,Audio,Empidonax difficilis,Pacific-slope Flycatcher,Catharus ustulatus -- Swainson's Thrush,,"Stein, Robert C; Michener, Martin C",1958,6,25,0,United States,Washington,,FIDALGO ISLAND; S END OF ROSARIO BEACH,,,,,song,,Not Provided,,,,4,0,102,MAGNEMITE UNSPECIFIED MODEL,,Parabola 101.6cm (40in),Mono,,,,Forest,,, NOTES: MIXED WOODS.  Sex: 1 UNKNOWN,,,Aves,Passeriformes,Tyrannidae,143800
193536,Audio,Empidonax difficilis,Pacific-slope Flycatcher,Poecile rufescens -- Chestnut-backed Chickadee; Ixoreus naevius -- Varied Thrush; Setophaga townsendi -- Townsend's Warbler; Junco hyemalis -- Dark-eyed Junco,,"Nelson, Richard ",2013,6,20,827,United States,Alaska,,Glacier Bay National Park and Preserve; Bartlett Cove,58.45343,-135.84442,,,call,,Not Provided,,,,3,0,288,MARANTZ PMD 661,Sennheiser MKH 20,Telinga Parabola 54.7cm/15.5cm (21.5in/6.1in),Mono,,,,,,,Habitat: ﻿﻿Closed Coniferous,,,Aves,Passeriformes,Tyrannidae,143800
192460,Audio,Empidonax difficilis,Pacific-slope Flycatcher,,,"McGuire, Bob ",2012,4,18,600,United States,California,,Quail Ridge Preserve,38.4807,-122.145,,Adult Male (1),song,Natural,Certain,Sight and Sound,,,3,0,234,SOUND DEVICES 702,Telinga Pro 6,Telinga Parabola 54.7cm/15.5cm (21.5in/6.1in),Stereo,,,,,,,,,,Aves,Passeriformes,Tyrannidae,143800
181604,Audio,Empidonax difficilis,Pacific-slope Flycatcher,Ixoreus naevius -- Varied Thrush; Regulus calendula -- Ruby-crowned Kinglet,,"Budney, Gregory F",2013,5,30,443,United States,Alaska,Skagway-Hoonah-Angoon,Gustavus; Good River Road,,,,Adult Male (1),forage; song,Natural,Certain,Sight and Sound,,,3,0,46,NAGRA ARES-BB+,Telinga Pro 8,Telinga Parabola 54.7cm/15.5cm (21.5in/6.1in),Stereo,,,,,,,Same individual as LNs 181601.,,,Aves,Passeriformes,Tyrannidae,143800
181601,Audio,Empidonax difficilis,Pacific-slope Flycatcher,,,"Budney, Gregory F",2013,5,29,605,United States,Alaska,Skagway-Hoonah-Angoon,Gustavus; Good River Road,,,,Adult Male (1),call; song,Natural,Certain,Sight and Sound,,,3,0,1103,NAGRA ARES-BB+,Telinga Pro 8,Telinga Parabola 54.7cm/15.5cm (21.5in/6.1in),Stereo,,,,,,,Same individual as LNS 181604.,,,Aves,Passeriformes,Tyrannidae,143800
181600,Audio,Empidonax difficilis,Pacific-slope Flycatcher,,,"Budney, Gregory F",2013,5,29,558,United States,Alaska,Skagway-Hoonah-Angoon,Gustavus; Good River Road,,,,Adult Male (1),song,Natural,Certain,Sight and Sound,,,3,0,146,NAGRA ARES-BB+,Telinga Pro 8,Telinga Parabola 54.7cm/15.5cm (21.5in/6.1in),Stereo,,,,,,,,,,Aves,Passeriformes,Tyrannidae,143800
126454,Audio,Empidonax difficilis,Pacific-slope Flycatcher,,,"Sander, Thomas G",1988,4,2,0,United States,California,Marin,Point Reyes National Seashore; Muddy Hollow,,,,,song,,Not Provided,,,,3,0,223,NAGRA IV-S,,Roché Parabola 74cm/17.7cm (29.1in/7in),Mono,,,,,,, NOTES: BNA: Song. Nagra Master.,,,Aves,Passeriformes,Tyrannidae,143800
126453,Audio,Empidonax difficilis,Pacific-slope Flycatcher,,,"Sander, Thomas G",1988,4,2,0,United States,California,Marin,Point Reyes National Seashore; Muddy Hollow,,,,,call,,Not Provided,,,,3,0,42,NAGRA IV-S,,Roché Parabola 74cm/17.7cm (29.1in/7in),Mono,,,,,,, NOTES: BNA: Calls. Nagra Master.,,,Aves,Passeriformes,Tyrannidae,143800
126442,Audio,Empidonax difficilis,Pacific-slope Flycatcher,,,"Sander, Thomas G",1988,,,0,United States,,,"",,,,,song,,Not Provided,,,,3,0,200,NAGRA IV-S,,Roché Parabola 74cm/17.7cm (29.1in/7in),Mono,,,,,,," NOTES: BNA: Song. LNS NOTE: This was most likely recorded in California in the vacinity of Marin County.  MJA, 19 September 2005.",,,Aves,Passeriformes,Tyrannidae,143800
44188,Audio,Empidonax difficilis,Pacific-slope Flycatcher,,,"Matzner, Paul E",1988,6,8,757,United States,California,,Hastings,,,,,,,Not Provided,,,,3,0,88,,,,Mono,,,,,,,,,,Aves,Passeriformes,Tyrannidae,143800
7601,Audio,Empidonax difficilis,Pacific-slope Flycatcher,Catharus ustulatus -- Swainson's Thrush,,"Stein, Robert C; Michener, Martin C",1958,6,25,0,United States,Washington,,FIDALGO ISLAND; S END AT ROSARIO BEACH,,,,,song,,Not Provided,,,,3,0,217,MAGNEMITE UNSPECIFIED MODEL,,Parabola 101.6cm (40in),Mono,,,,Forest,,, NOTES: MIXED WOODS BY BIOLOGICAL STATION.,,,Aves,Passeriformes,Tyrannidae,143800
193526,Audio,Empidonax difficilis,Pacific-slope Flycatcher,Catharus guttatus -- Hermit Thrush,,"Nelson, Richard ",2013,6,19,845,United States,Alaska,,Glacier Bay National Park and Preserve; Tidal Inlet,58.82133,-136.38547,,,call,,Not Provided,,,,2,0,381,MARANTZ PMD 661,Sennheiser MKH 20,Telinga Parabola 54.7cm/15.5cm (21.5in/6.1in),Mono,,,,,,,Habitat: Open Coniferous,,,Aves,Passeriformes,Tyrannidae,143800
192470,Audio,Empidonax difficilis,Pacific-slope Flycatcher,,,"McGuire, Bob ",2012,4,19,715,United States,California,,Quail Ridge Preserve,38.4807,-122.145,,Adult Male (1),song,Natural,Certain,Sound,,,2,0,139,SOUND DEVICES 702,Telinga Pro 6,Telinga Parabola 54.7cm/15.5cm (21.5in/6.1in),Stereo,,,,,,,,,,Aves,Passeriformes,Tyrannidae,143800
191305,Audio,Empidonax difficilis,Pacific-slope Flycatcher,Regulus calendula -- Ruby-crowned Kinglet; Setophaga sp. -- Setophaga sp.; Ixoreus naevius -- Varied Thrush; Tringa melanoleuca -- Greater Yellowlegs,,"Lentfer, Hank ",2013,6,2,834,United States,Alaska,,Gustavus Forelands,58.4663,-135.78,,,song,,Not Provided,,,,2,0,233,MARANTZ PMD 661 MKII,Sennheiser MKH 20,Telinga Parabola 54.7cm/15.5cm (21.5in/6.1in),Mono,,8.9,,,,,ML: 150 Hz AUHipass filter applied in soundBlade HD.,,,Aves,Passeriformes,Tyrannidae,14600
189363,Audio,Empidonax difficilis,Pacific-slope Flycatcher,,,"McGuire, Bob ",2012,4,7,1322,United States,California,Santa Barbara,Solvang,34.5845,-120.1443,,Adult Male (1),call,Natural,Uncertain,Sound,,,2,0,42,SOUND DEVICES 702,Telinga Pro 6,Telinga Parabola 54.7cm/15.5cm (21.5in/6.1in),Stereo,,,,,,,,,,Aves,Passeriformes,Tyrannidae,143800
63123,Audio,Empidonax difficilis,Pacific-slope Flycatcher,,,"Herr, David S",1992,6,28,900,United States,Oregon,Umatilla,5.0 km N of Elgin; Phillips Creek,45.7833333,-118.0833333,1000,Adult Unknown Sex (1),advertise; call,Natural,Certain,Sound,,,2,0,85,NAGRA IV-S,,Roché Parabola 74cm/17.7cm (29.1in/7in),Mono,,,,Deciduous Forest; Stream; Riparian,,Thicket/Brush," NOTES: Breeding status: territorial   Notes: recorded on cut, Grotke pre-amp 20db. East of Cascades in Blue Mountains one would expect a Cordilleran, but? Crapy recording. dh on data form               BNA: If this is E. difficilis, Male Position Note: ""Pee-IST"" call. ""pee-IST"" or ""peWEAP"" or rising whistle ""pawee!"" or ""pseeyeap!"". mf",,,Aves,Passeriformes,Tyrannidae,143800
45270,Audio,Empidonax difficilis,Pacific-slope Flycatcher,Troglodytes pacificus -- Pacific Wren,,"Robbins, Mark B",1989,6,21,550,United States,Washington,Clallam,La Push,48.5166667,-125.05,6,Adult Male (1),Social context: mixed; song,Natural; Playback Self,Certain,Sight and Sound,,,2,0,376,SONY TCM-5000,,,Mono,,,,Rainforest; Coniferous Forest,,," NOTES: (Cut#: 1-3; Species Sound: frequent; Cover Density: medium) 1st two cuts under natural conditions.  High pass 160 Hz.       BNA: Advertising Song: ""ps-SEET ptsick seet!"" or ""TSEE-weeÉpttuck-tseep"". Could be Dawn Song. Also Male Position Note: ""Pee-IST"" call. ""pee-IST"" or ""peWEAP"" or rising whistle ""pawee!"" or ""pseeyeap!"". mf",,,Aves,Passeriformes,Tyrannidae,143800
40669,Audio,Empidonax difficilis,Pacific-slope Flycatcher,Corvus corax -- Common Raven; Melospiza melodia -- Song Sparrow; Turdus migratorius -- American Robin; Zonotrichia leucophrys -- White-crowned Sparrow,,"Keller, Geoffrey A",1985,7,13,700,United States,Oregon,Coos,"17.0 km SE of Powers, Eden Valley",,,800,Adult Male (1),advertise; call; song,Natural,Certain,Sound,,,2,0,258,UHER 4200,,,Mono,,,,Coniferous Forest; Deciduous Forest; Meadow,,," NOTES: BNA: Advertising Song: ""ps-SEET ptsick seet!"" or ""TSEE-weeÉpttuck-tseep"". Could be Dawn Song.",,,Aves,Passeriformes,Tyrannidae,143800
193455,Audio,Empidonax difficilis,Pacific-slope Flycatcher,Regulus calendula -- Ruby-crowned Kinglet; Troglodytes pacificus -- Pacific Wren; Setophaga petechia -- Yellow Warbler; Branta canadensis -- Canada Goose,,"Nelson, Richard ",2013,6,11,610,United States,Alaska,,Glacier Bay National Park and Preserve; Drake Island,58.64322,-136.21257,,,call,,Not Provided,,,,1,0,276,MARANTZ PMD 661,Sennheiser MKH 20,Telinga Parabola 54.7cm/15.5cm (21.5in/6.1in),Mono,,,,,,,Habitat: Closed Coniferous,Cove on E side of Drake Island,,Aves,Passeriformes,Tyrannidae,143800
45289,Audio,Empidonax difficilis,Pacific-slope Flycatcher,,,"Robbins, Mark B",1989,6,23,620,United States,Washington,Clallam,Lake Crescent,48.1,-124.35,,Unknown Age Unknown Sex (1),call; song,Natural,Certain,Sight and Sound,,,1,0,165,SONY TCM-5000,,,Mono,,,,Rainforest; Coniferous Forest,,," NOTES: (Species Sound: frequent; Breeding Status:  Territorial; Cover Density: medium) High pass 160 Hz.       BNA: Possibly Seet or ""Zeet"" Call; or maybe Female Position Note: ""Tsip"" call. ""Tsit"" or Tsip"".   Also Male Position Note: ""Pee-IST"" call. ""pee-IST"" or ""peWEAP"" or rising whistle ""pawee!"" or ""pseeyeap!""",,,Aves,Passeriformes,Tyrannidae,143800
45282,Audio,Empidonax difficilis,Pacific-slope Flycatcher,,,"Robbins, Mark B",1989,6,22,600,United States,Washington,Clallam,Lake Crescent,48.1,-124.35,,Unknown Age Unknown Sex (1),song,Natural,Certain,Sight and Sound,,,1,0,89,SONY TCM-5000,,,Mono,,,,Rainforest; Coniferous Forest,,," NOTES: (Cut#: 1-2; Species Sound: frequent; Breeding Status:  Territorial; Cover Density: medium) BNA: Advertising Song: ""ps-SEET ptsick seet!"" or ""TSEE-weeÉpttuck-tseep"". Could be Dawn Song. mf",,,Aves,Passeriformes,Tyrannidae,143800
45281,Audio,Empidonax difficilis,Pacific-slope Flycatcher,,,"Robbins, Mark B",1989,6,22,600,United States,Washington,Clallam,Lake Crescent,48.1,-124.35,,Unknown Age Unknown Sex (1),song,Natural,Certain,Sight and Sound,,,1,0,115,SONY TCM-5000,,,Mono,,,,Rainforest; Coniferous Forest,,," NOTES: (Species Sound: frequent; Breeding Status:  Territorial; Cover Density: medium)       BNA: Advertising Song: ""ps-SEET ptsick seet!"" or ""TSEE-weeÉpttuck-tseep"". Also Seet or ""Zeet"" Call. Also Male Position Note: ""Pee-IST"" call. ""pee-IST"" or ""peWEAP"" or rising whistle ""pawee!"" or ""pseeyeap!"". These latter 2 calls may simply be parts of Song? but are between long intervals.mf",,,Aves,Passeriformes,Tyrannidae,143800
45279,Audio,Empidonax difficilis,Pacific-slope Flycatcher,,,"Robbins, Mark B",1989,6,22,600,United States,Washington,Clallam,Lake Crescent,48.1,-124.35,,Unknown Age Unknown Sex (1),song,Natural,Certain,Sight and Sound,,,1,0,119,SONY TCM-5000,,,Mono,,,,Rainforest; Coniferous Forest,,," NOTES: (Cut#: 1-2; Species Sound:  frequent; Breeding Status:  Territorial; Cover Density: medium)   BNA: Male Position Note: ""Pee-IST"" call. ""pee-IST"" or ""peWEAP"" or rising whistle ""pawee!"" or ""pseeyeap!"" Also Advertising Song: ""ps-SEET ptsick seet!"" or ""TSEE-weeÉpttuck-tseep"". mf",,,Aves,Passeriformes,Tyrannidae,143800
7609,Audio,Empidonax difficilis,Pacific-slope Flycatcher,Catharus ustulatus -- Swainson's Thrush,,"Sutherland, Charles A",1961,7,21,1000,United States,Washington,,16.0 km S of Raymond,,,,,,,Not Provided,,,,1,0,15,NAGRA III,,Parabola 91.4cm (36in),Mono,,,,Forest,,, NOTES: CUT OVER FOREST.,,,Aves,Passeriformes,Tyrannidae,143800
106662,Audio,Empidonax difficilis,Pacific-slope Flycatcher,Catharus ustulatus -- Swainson's Thrush; Ixoreus naevius -- Varied Thrush,,"Little, Randolph S",1995,5,29,500,United States,Oregon,Polk,53.0 km NW of Corvalis; Valley of the Giants,44.9166667,-123.75,360,Adult Male (1),advertise; dawn song; song,Natural,Uncertain,Sound,,,0,0,201,NAGRA IV-D,,Parabola 91.4cm/30.5cm (36in/12in),Mono,,,,Forest; Evergreen Forest; Coniferous Forest; Deciduous Forest,,, NOTES: (Species Sound:  Constant. Breeding Status:  Territorial; Territorial Paired? Breeding? Sound Delivery Rate: High. General Climate:  Humid. Cov. Density: Thick.),,,Aves,Passeriformes,Tyrannidae,143800
106661,Audio,Empidonax difficilis,Pacific-slope Flycatcher,Catharus ustulatus -- Swainson's Thrush,,"Little, Randolph S",1995,5,29,450,United States,Oregon,Polk,53.0 km NW of Corvalis; Valley of the Giants,44.9166667,-123.75,360,Adult Male (1),advertise; dawn song; song,Natural,Uncertain,Sound,,,0,0,81,NAGRA IV-D,,Parabola 91.4cm/30.5cm (36in/12in),Mono,,,,Forest; Evergreen Forest; Coniferous Forest; Deciduous Forest,,, NOTES: (Bkground sounds: Catharus ustulatus - call notes of several birds. Species Sound:  Constant. Breeding Status:  Territorial; Territorial Paired? Breeding? Sound Delivery Rate: High. Gen. Climate: Humid. Cov. Density: Thick.),,,Aves,Passeriformes,Tyrannidae,143800
57623,Audio,Empidonax difficilis,Pacific-slope Flycatcher,,,"Nelson, S. Kim ",1991,7,17,510,United States,Oregon,,11.0 km NW of Valsetz (Valley of the Giants),44.9166667,-123.7,520,Adult Unknown Sex (1),advertise; dawn song; song,Natural,Certain,Sight and Sound,,,0,0,119,MARANTZ PMD 430,,,Mono,,,,Forest; Rainforest; Coniferous Forest,,, NOTES: (Species Sound: Isolated. Breeding Status: Breeding. Gen. Climate: Wet. Cover Density: Medium. Weather: Fog drip.), Response to playback: No response.,,Aves,Passeriformes,Tyrannidae,143800
56816,Audio,Empidonax difficilis,Pacific-slope Flycatcher,,,"Richardson, Diane ",1990,6,18,820,United States,Oregon,,4.8 km SE of Hebo,,,,Adult Unknown Sex (1),advertise; song,Natural,Certain,Sound,,,0,0,179,MARANTZ PMD 221,,,Mono,,,,Forest; Coniferous Forest; Deciduous Forest; Meadow; Stream; Rural,,Edge, NOTES: (Bkground Sounds: Runoff. Species Sound or Soc. Contact: Isolated. Gen. Climate: Cyclic wet-dry. Habitat Types: Valley bottom runoff. Cover Density: Medium.),,,Aves,Passeriformes,Tyrannidae,143800
43731,Audio,Empidonax difficilis,Pacific-slope Flycatcher,,,"Budney, Gregory F",1988,6,9,0,United States,California,,Hastings Natural History Reservation,,,,,,,Not Provided,,,,0,0,47,,,,,,,,,,,,,,Aves,Passeriformes,Tyrannidae,143800
43730,Audio,Empidonax difficilis,Pacific-slope Flycatcher,,,"Budney, Gregory F",1988,6,9,745,United States,California,,Hastings Natural History Reservation,,,,,,,Not Provided,,,,0,0,0,,,,,,,,,,,,,,Aves,Passeriformes,Tyrannidae,143800
43728,Audio,Empidonax difficilis,Pacific-slope Flycatcher,,,"Budney, Gregory F",1988,6,9,655,United States,California,,Hastings Natural History Reservation,,,,,,,Not Provided,,,,0,0,60,,,,,,,,,,,,,,Aves,Passeriformes,Tyrannidae,143800
